Owner,total_capacity,number_of_plants,average_LitPop_exposure,geographic_spread,company_latitude,company_longitude
Rizhao Steel Holding Group Co Ltd,373600.0,1,784949051.4879102,1,35.16535,119.366672
Steel Authority of India Ltd,362952.0,8,3100961977.0549183,1,22.534338293803426,84.88188601357452
ArcelorMittal Nippon Steel India Ltd,358000.0,5,2571208336.6707883,1,20.275123157894736,75.68923323684211
Maanshan Iron & Steel Co Ltd,332800.0,1,14161932205.740225,1,31.698884,118.468194
Jiangsu Shagang Iron & Steel Co Ltd,329360.0,1,5778523153.580064,1,31.983146,120.638992
JSW Steel Ltd,288651.0,5,317623336.3130273,1,16.987253075438595,75.1545742122807
Lianfeng Steel (Zhangjiagang) Co Ltd,270000.0,1,3289812339.6058364,1,31.855205,120.730505
Bengang Steel Plates Co Ltd,239040.0,1,10302505895.931911,1,41.274132,123.722099
Angang Steel Co Ltd,226500.0,3,41688253912.51668,1,41.13243613793103,122.86355968965518
Nippon Steel Corp,198179.0,10,15184639409.471426,1,34.87442765263158,135.36630458947369
Xinyu Iron & Steel Corp Ltd,192016.0,1,7022275672.93845,1,27.786859,114.921595
Jindal Steel Odisha Ltd,172800.0,1,322827125.6345241,1,20.874713,84.944082
JFE Steel Corp,169841.0,5,20746377287.81315,1,34.64687986842105,134.17878431578947
Shaanxi LONG MEN IRON&STEEL Co Ltd,168800.0,1,1050556946.8883605,1,35.618466,110.575788
Tangshan Ganglu Iron & Steel Co Ltd,156016.0,1,392661136.5966965,1,40.183913,118.073913
Guangxi Shenglong Metallurgical Co Ltd,152847.0,1,954514098.9683073,1,21.687637,108.412344
Tangshan Donghua Iron & Steel Enterprise Group Co Ltd,145600.0,1,438464931.03294915,1,39.468366,118.256774
Fushun New Steel Corp Ltd,138750.0,1,8540543698.927486,1,41.841223,123.753895
Quzhou Yuanli METAL Products Co Ltd,135200.0,1,1274727897.9611301,1,28.893407,118.867125
Jiangyin Xingcheng SPECIAL Steel Works Co Ltd,134096.0,1,4429745806.121701,1,31.950191,120.328449
Yunnan Desheng Steel Co Ltd,119250.0,1,179784996.6136446,1,25.142516,102.077727
JSW Green Steel Ltd,117000.0,1,5087801.004416001,1,18.530853,72.947091
Rungta Mines Ltd,110331.0,5,378266167.2710499,1,21.68744571794872,85.4057713076923
Benxi Beiying Iron & Steel (GROUP) Co Ltd,109044.0,1,423489077.5911907,1,41.224814,123.608374
Kobe Steel Ltd,106656.0,2,25646767202.499496,1,34.72001193846154,134.8327508769231
Tata Steel Ltd,106470.0,5,2479653436.2547827,1,22.284600105263156,85.25087421052632
Henan Jiyuan Iron & Steel (Group) Co Ltd,106208.0,1,3421395276.0751696,1,35.086396,112.553774
HBIS Laoting Steel Co Ltd,103500.0,1,658638310.9064554,1,39.257823,119.033567
Qian'an City Jiujiang Wire Co Ltd,94833.0,1,1205952791.2560177,1,39.952209,118.559444
Rockcheck Steel Group Co Ltd,92000.0,1,8170303829.634859,1,38.970638,117.495794
Hebei Puyang Iron and Steel Co Ltd,89072.0,1,313791587.31473416,1,36.733675,113.925995
Hebei Rongxin Iron & Steel Co Ltd,88320.0,1,796505445.106471,1,39.880661,118.558755
Beijing Shougang Co Ltd,86400.0,1,1205952791.2560177,1,39.976701999999996,118.558788
Neelachal Ispat Nigam Ltd,85500.0,1,864289310.3874147,1,20.998641,86.019102
Houying Group Haicheng Iron and Steel Co Ltd,78400.0,1,563518410.1278985,1,40.981855,122.948643
Shanxi Jianlong Industrial Co Ltd,76000.0,1,384406160.84900844,1,35.417405,111.303919
Lvliang Jianlong Industrial Co Ltd,75200.0,1,1570081181.240564,1,37.47311,112.06093
Chengyu Vanadium & Titanium Technology Co Ltd,72450.0,1,69319122.10205877,1,29.732143,104.504339
Inner Mongolia BaoTou Steel Union Co Ltd,70820.0,1,563557793.4713724,1,40.647997,109.740898
Jindal Steel Limited Ltd,68300.0,5,389511901.89253396,1,21.523768583333332,83.72014175
Baosteel Group Xinjiang Bayi Iron & Steel Co Ltd,65700.0,1,931469524.817334,1,43.852147,87.30463900000001
Jiangsu Shagang Group Huaigang SPECIAL Steel Co Ltd,64592.0,1,4165354036.0691886,1,33.566039,118.988442
Wuhan Iron and Steel Co Ltd,63628.0,1,13274108766.720098,1,30.616222,114.444975
Hebei Xinda Iron and Steel Co Ltd,63000.0,1,796505445.106471,1,39.898362,118.579364
Guangxi Guigang Iron and Steel Group Co Ltd,62500.0,1,6503602261.824279,1,23.088182,109.634638
Welspun Corp Ltd,60192.0,1,786684238.6823866,1,23.112781,70.0866885
Tianjin Iron PLANT Co Ltd,58140.0,1,1279452525.6709294,1,36.58967,113.745792
Henan YAXIN Steel Industry Co Ltd,57600.0,1,1630271672.3960836,1,35.879956,114.334825
Lloyds Metals and Energy Ltd,55968.0,2,221161042.8943197,1,19.91212277777778,79.19648344444444
JSW Utkal Steel Ltd,54000.0,1,105160684.6244372,1,20.216667,86.55
Tangshan Fengnan District Jing'an Iron and Steel Co Ltd,52425.0,1,1597397963.2435653,1,39.600956,118.358726
WISCO Group Kunming Steel Co Ltd,51834.0,2,401331048.2710037,1,24.95306192857143,102.37770028571428
JiLin Province Xinda Steel Co Ltd,50400.0,1,15053158.02973983,1,42.32490000000001,125.246892
Liuzhou IRON&STEEL Co Ltd,50232.0,1,21236255107.045433,1,24.385304,109.37963
Jingye Iron and Steel Co Ltd,49600.0,1,310050323.594974,1,38.391372,114.139998
Tangshan Donghai Iron and Steel Group Co Ltd,49491.0,1,770999040.1643324,1,39.748373,118.624794
Shanxi Xintai Iron & Steel Co Ltd,48000.0,1,4334687658.950084,1,37.075017,111.985148
Henan Fengbao SPECIAL Steel Co Ltd,42400.0,1,1250100343.4634068,1,36.131666,113.872158
Gansu Jiu Steel Group Hongxing Iron and Steel Co Ltd,42380.0,1,7871975322.062651,1,39.812121,98.295555
Shagang Group Anyang Yongxing Iron & Steel Co Ltd,41600.0,1,3691623504.775808,1,36.143573,114.149964
Yunnan Yuxi Iron and Steel Group Yukun Iron and Steel Co Ltd,41368.0,1,932314590.9645125,1,24.465884,102.543682
Wuzhou Yongda Steel Works Co Ltd,40725.0,1,607979569.3111423,1,23.524464999999996,111.2402
Shanxi HONGDA Iron and Steel Group Co Ltd,40500.0,1,250634379.58227268,1,35.701895,110.786826
YunNan Province Tiangao Nickel Alloy Co Ltd,40000.0,1,229330969.90024498,1,24.80128,104.063455
Shandong IRON&STEEL Group Rizhao Co Ltd,39200.0,1,784949051.4879102,1,35.188969,119.383723
Zenith Steel Group Co Ltd,36040.0,1,18149919723.49238,1,31.707656,120.079591
Yancheng Lianxin Steel Co Ltd,35550.0,1,47191425.791021824,1,33.211332,120.774892
Jincheng FUSHENG Iron & Steel Co Ltd,33440.0,1,981005265.3164757,1,35.662985,112.882395
Shandong Iron & Steel Group Yongfeng Lingang Corp,32600.0,1,238915176.01580334,1,35.137061,119.068319
Hebei New Wuan Lron and Steel Group Hong Rong Lron and Steel Co Ltd,32400.0,1,188809636.46592224,1,36.640411,113.981172
Inner Mongolia Yaxinlongshun Special Steel Co Ltd,32000.0,1,2337622.9703656165,1,40.689778,110.214707
Fujian Sanbao Steel Co Ltd,31824.0,1,1437201755.3926136,1,24.635769,117.603677
Shandong Iron and Steel Co Ltd,30790.0,2,1603669484.8479004,1,36.087804444444444,117.83043277777779
Jiangsu Province Binxin Steel Group Co Ltd,30600.0,1,3627723888.232499,1,35.09556,119.279989
Shanxi Zhongsheng Iron and Steel Co Ltd,30150.0,1,224177109.58702946,1,35.727776,111.330122
Action Ispat and Power Pvt Ltd,30000.0,1,645075019.3542067,1,21.839759,83.982227
Lingyuan Iron & Steel Co Ltd,29400.0,1,1351875952.0510519,1,41.271048,119.41374
Qinhuangdao Hongxing Iron & Steel Co Ltd,28200.0,1,853581286.6142415,1,39.700721,118.871477
ESL Steel Ltd,28000.0,1,1365011682.389793,1,23.632907,86.293671
Tangshan Xinglong Steel Co Ltd,27675.0,1,178134743.02966225,1,39.847612,118.348448
Shaanxi Lueyang Iron and Steel Co Ltd,27450.0,1,32314098.785076372,1,33.323678,106.167206
Shiheng SPECIAL Steel Group Co Ltd,27440.0,1,1341653440.6361408,1,36.229201,116.533981
Sansteel Minguang Co Ltd Fujian,27196.0,1,3154692864.404899,1,26.261109,117.614709
Orissa Metaliks Pvt Ltd,26877.0,3,2465702693.4934688,1,22.25186936111111,86.56544427777777
Shyam Metalics and Energy Ltd,26687.0,2,375459147.55119765,1,22.14055085714286,84.74600051428573
Baosteel Desheng Stainless Steel Co Ltd,26520.0,1,53661889.35483706,1,26.48747,119.654461
Zenith Steel Group (Nantong) Co Ltd,26400.0,1,1230988127.1191046,1,32.133954,121.513173
Yunnan Yuxi Xianfu Iron and Steel (Group) Co Ltd,26320.0,1,20949106.01836089,1,24.012309,102.186364
Changzhou Dongfang Special Steel Co Ltd,25680.0,1,1518567272.309646,1,31.602554,119.724256
Shanxi Jinnan Iron and Steel Group Co Ltd,25600.0,1,162446633.34105244,1,35.678541,111.51465
Fujian Great Dong Hai Industrial Group Co Ltd,24908.0,1,548350467.9412751,1,25.737777,119.592239
Xinxing Ductile Iron Pipes Xinjiang Co Ltd,24750.0,1,31013010.919899933,1,42.333321000000005,86.302481
Shandong Taishan Steel Group Co Ltd,23160.0,1,6228848405.062526,1,36.22141,117.627728
Liaoyang United Steel Co Ltd,22800.0,1,1281795295.850902,1,41.19138,122.877311
Anyang Iron & Steel Co Ltd,22500.0,1,17037663839.757978,1,36.122129,114.283145
ShanXi TongCai Industry and Trade Co Ltd,22320.0,1,747390169.8949468,1,35.694321,111.429381
Jingye (Yingkou) Medium Plate Co Ltd,22000.0,1,1444886964.8755352,1,40.671136,122.395441
Qingdao Special Iron and Steel Co Ltd,21280.0,1,431849713.01466113,1,35.6296,119.722335
Jinan Iron & Steel Group Co Ltd,20800.0,1,2791499561.2492723,1,36.718952,114.111677
Tangshan Songting IRON&STEEL Co Ltd,20000.0,1,1205952791.2560177,1,39.938866,118.576678
Shanxi Zhongyang Iron & Steel Co Ltd,19800.0,1,320338051.3482251,1,37.370796,111.161118
Baoshan Iron & Steel Co Ltd,19800.0,1,72345769161.90762,1,31.41623,121.440087
Sichuan Dazhou Iron & Steel Group Co Ltd,19600.0,1,10197981456.470524,1,31.18945,107.453099
Fujian San'an Iron & Steel Co Ltd,19400.0,1,1080493062.2097301,1,25.244396,118.029905
Jiangsu Xusteel Group Co Ltd,19000.0,1,536146471.99254227,1,34.577016,117.339638
Crest Steel and Power Pvt Ltd,18816.0,1,1306781871.7744355,1,21.190313,81.19922
Yunnan Qujing Shuangyou Iron and Steel Co Ltd,18270.0,1,7472321818.171346,1,25.54218,103.781041
JSW Steel Ltd; POSCO Holdings Inc,18000.0,1,165319279.8517694,1,20.248632,86.156416
Tianjin Tiangang UNITED SPECIAL Steel Co Ltd,18000.0,1,10311114379.091043,1,39.300258,117.800231
Fujian Luoyuan Minguang Iron & Steel Co Ltd,17800.0,1,53661889.35483706,1,26.483815,119.67105
Hubei Jinshenglan Metallurgical Technology Co Ltd,17800.0,1,96700424.06712171,1,29.916729,113.822921
Jindal Stainless Ltd,17596.0,3,1675412361.613687,1,21.608124,83.7165586
Minyuan Iron and Steel Group Co Ltd,17400.0,1,258770067.85181326,1,34.013369,116.422599
Wuan Yuhua Steel Co Ltd,16400.0,1,2791499561.2492723,1,36.731752,114.098377
Changshu Longteng Special Steel Co Ltd,16300.0,1,9736930825.62187,1,31.723833,120.835685
Hunan Valin Lianyuan Iron and Steel Co Ltd,16250.0,2,4608518568.66061,1,27.780956,112.43236
Jiugang Group Yuzhong Iron & Steel Co Ltd,16000.0,1,167993672.70306432,1,36.033646,104.035535
Ningbo Iron & Steel Co Ltd,15996.0,1,7787131930.195617,1,29.918776,121.876423
Hubei Lijin Steel Group Co Ltd,15680.0,1,728653447.9992169,1,32.127263,112.715688
Daye SPECIAL Steel Co Ltd,15120.0,1,5065987125.999837,1,30.204603,115.125838
Chengdu Changfeng Steel Group Co Ltd,14960.0,1,846260426.3465284,1,31.031921,103.672956
Evonith Metallics Ltd,14680.0,2,428413959.05805874,1,20.703694666666667,78.62232133333333
Xingtai Iron and Steel Co Ltd,14490.0,2,20037725295.70114,1,37.04054411111111,114.5538808888889
Tokyo Steel Manufacturing Co Ltd,14416.0,4,24376507534.78964,1,34.3563545,132.9585676111111
"Xinyang Iron & Steel Co.,ltd of Angang Group",14400.0,1,382250327.83036226,1,32.488704,114.038243
Xinji AOSEN Steel Group Co Ltd,14400.0,1,215529762.4241828,1,37.752351,115.184798
Baosteel Zhanjiang Iron & Steel Co Ltd,14328.0,1,1178377706.3453572,1,21.056035,110.48657
Mesco Kalinga Steel Ltd,14000.0,1,864289310.3874147,1,20.976277,86.044419
Fujian Dingsheng Steel Co Ltd,13808.0,1,65973740.548705816,1,27.224477,120.328828
Shougang Jingtang United Iron & Steel Co Ltd,13700.0,1,102371633.8710309,1,38.953664,118.50339
Zhongpu (Handan) Iron and Steel Co Ltd,13600.0,1,296202759.7826058,1,36.721376,113.910271
Henan Xinjinhui Stainless Steel Industry Co Ltd,13600.0,1,797364861.8664675,1,34.263509,113.853979
Hebei Xinjin Iron and Steel Co Ltd,13200.0,1,6917400988.421546,1,36.715632,114.208992
Hospet Steels Ltd,13149.0,1,204245873.82605147,1,15.339055,76.251696
Zhenshi Group EASTERN SPECIAL Steel Co Ltd,12848.0,1,2908351559.15047,1,30.720411,120.898518
Hebei New Wuan Iron and Steel Group Xin Hui Metallurgy Co Ltd,12740.0,1,1570133414.6514165,1,36.664097,114.115263
Shanxi Taigang Stainless Steel Co Ltd,12460.0,1,24668432523.352684,1,37.931488,112.539321
Henan Angang Zhoukou Iron and Steel Co Ltd,12200.0,1,1216482444.7504897,1,33.364534,115.099661
Qinhuangdao Baigong Steel Co Ltd,12040.0,1,1644959560.7920702,1,39.748773,118.819472
Qian'an Zhayi Steel Group Co Ltd,12000.0,1,722897426.2393645,1,40.044026,118.552001
"Sichuan De Sheng Group, Vanadium and Titanium Co Ltd",12000.0,1,181895609.9521647,1,29.39798,103.542532
Shanxi Changxin Industry Co Ltd,11980.0,1,2719454994.077153,1,36.326589,113.117181
Jishan Mingfu Steel Products Co Ltd,11812.0,1,245177255.62792537,1,35.665945,111.025976
Shandong Jinguan Metallurgical Technology Co Ltd,11240.0,1,9904946687.227655,1,37.449126,116.396787
Guangxi Liugang Zhongjin Stainless Steel Co Ltd,10800.0,1,221366537.43015066,1,21.672609999999995,109.741866
Fulun Iron & Steel Co Ltd,10800.0,1,792299266.5563575,1,36.308447,117.540425
Shanxi Gaoyi Steel Co Ltd,10800.0,1,2190467911.060826,1,35.586841,111.258436
Baldota Steel and Power Ltd,10500.0,1,185356174.34875867,1,15.332616,76.206778
Yunnan Qujing Iron and Steel Group Chenggang Iron and Steel Co Ltd,10400.0,1,240153183.6302977,1,25.45543,103.547242
Rashmi Green Hydrogen Steel Pvt Ltd,10400.0,1,1986124537.7752411,1,22.331489,87.398085
Daye Huaxin Industrial Co Ltd,10332.0,1,1002488417.5250294,1,30.070219,114.926251
Fujian Yixin Steel & Iron Co Ltd,10040.0,1,136966250.464103,1,26.491308,119.63624
JSW Jharkhand Steel Ltd,10001.0,1,22085261.29316944,1,23.188108,85.715097
Hebei Donghai SPECIAL Steel Group Co Ltd,10001.0,1,1222250055.6719754,1,39.610605,118.474722
JSW Bengal Steel Ltd,10000.0,1,178521520.3246137,1,22.575726,87.310258
Nanjing Iron & Steel Co Ltd,10000.0,1,11508667093.45597,1,32.200797,118.746315
Qinyang Hongda Iron & Steel Co Ltd,10000.0,1,514258504.00895184,1,35.184849,112.902248
Longnan Fuxin Steel Co Ltd,10000.0,1,85055828.36295038,1,24.912904,114.844503
Hebei Yanshan Iron and Steel Group Co Ltd,9990.0,1,4245679723.9297485,1,39.925508,118.672757
Shanxi Meijin Iron and Steel Co Ltd,9890.0,2,1770824955.6579657,1,37.701125777777776,112.28082377777778
Jayaswal Neco Industries Ltd,9800.0,1,1676028759.8407507,1,21.354495,81.676444
Hejin Huaxinyuan Steel & Iron Co Ltd,9400.0,1,1208145259.4777637,1,35.605506,110.652056
Zunyi County Fuxin Iron & Steel Product Co Ltd,9040.0,1,288427354.33009654,1,27.591697,106.815453
Huangshi Xingang Heavy Industry Technology Co Ltd,9000.0,1,69794425.23817413,1,30.097108,115.284652
Zhejiang Yuxin Industrial Co Ltd,8800.0,1,511578477.6555888,1,28.787202,120.248592
Xiangfen County XinJinShan Special Steel Co Ltd,8800.0,1,517374334.2584018,1,35.934831,111.49707
SGIS Songshan Co Ltd,8698.0,1,2904267538.2436757,1,24.708232,113.635898
Anhui Langxi County Fuhang Steel Co Ltd,8400.0,1,86904812.1034762,1,31.246635,119.120443
Guangxi Iron and Steel Group Co Ltd,8400.0,1,226557645.65927386,1,21.580723,108.400896
Chongqing Iron & Steel Co Ltd,8400.0,1,3087923383.6047015,1,29.790253,107.040368
Chongqing Zuhang Steel Co Ltd,8080.0,1,419108487.0652244,1,29.440056,105.741929
Xinjiang KingTec Steel Co Ltd,8004.0,1,93932.5409826021,1,42.674192,86.280156
Cangzhou Lingang Sanling Metal Co Ltd,8000.0,1,90759574.23978685,1,38.311738,117.457779
Xuzhou Jinhong Iron and Steel Group Co Ltd,8000.0,1,62626478.12289046,1,34.500122,116.908897
Chizhou Guichi Guihang Metal Products Co Ltd,8000.0,1,189683194.67400867,1,30.532786,117.25166
Chengde Street Ltd,8000.0,1,896245650.7992102,1,40.947707,117.719747
Shyam Steel Industries Ltd,7840.0,1,363171012.67553264,1,23.590212,86.724603
Ezhou Hongtai Steel Co Ltd,7800.0,1,1723280956.9704273,1,30.532352,114.747597
Zunyi Changling Special Steel Co Ltd,7700.0,1,3047624310.877063,1,27.614947,106.949752
Hebei Zongheng Group Fengnan Iron & Steel Co Ltd,7700.0,1,452880777.8970651,1,39.222566,118.094201
Shanghai Meishan Iron & Steel Co Ltd,7600.0,1,3051454698.510215,1,31.902969,118.61667
Jindal Steel Chhattisgarh Ltd,7500.0,1,454682852.3366098,1,21.895041,83.376759
Cangzhou China Railway Equipment Manufacturing Materials Co Ltd,7500.0,1,477468708.0493724,1,38.289221,117.814367
"Fugang METAL Manufacturing Co.ltd.,jilinjigang Steel Group",7440.0,1,218005645.09942687,1,44.022802,125.505627
Rashtriya Ispat Nigam Ltd,7300.0,1,4255549611.1018696,1,17.612846,83.191918
Nakayama Steel Works Ltd,7200.0,1,254812052510.10464,1,34.628162,135.459688
Sichuan Shengquan Iron and Steel Group Co Ltd,7200.0,1,1180067619.3126886,1,31.255961,104.190612
Ningxia Iron and Steel (Group) Co Ltd,7200.0,1,21396075.606333133,1,37.503054,105.078348
Hbzx HIGH Tech Co Ltd,7200.0,1,11073664760.627905,1,40.607977,115.067516
Hebei Anfeng Iron & Steel Co Ltd,7100.0,1,301142693.52749974,1,39.65849,118.894804
Hezhou Zhaoxin Hardware Products Co Ltd,7000.0,1,90031801.82740928,1,23.978567,111.735529
Shanxi Liheng Iron and Steel Co Ltd,7000.0,1,747390169.8949468,1,35.701541,111.42671
Baotou Deshun Spec. Steel Co Ltd,7000.0,1,1018690.4685914837,1,40.9019,110.336253
Hebei New Wuan Steel Group Wenan IRON&STEEL Co Ltd,6950.0,2,6169779727.093143,1,36.67410433333333,114.14675855555555
TANG Shan Iron and Steel Group Co Ltd,6840.0,1,39795139194.13621,1,39.648587,118.212487
Yuxi Huixi Metal Casting Products Co Ltd,6800.0,1,1153461107.3559847,1,24.360481,102.481118
Licheng Taihang Iron & Steel Co Ltd,6800.0,1,231213739.23506635,1,36.472303,113.344155
Tianjin Iron and Steel Group Co Ltd,6650.0,1,7120436820.791538,1,39.031083,117.499246
Chubu Steel Plate Co Ltd,6400.0,1,176716694372.9768,1,35.118836,136.867567
Shri Bajrang Power and Ispat Ltd,6400.0,1,450845929.98527956,1,21.48619,81.771697
Baicheng Fuda Bar Rolling Co Ltd,6352.0,1,4030918213.477184,1,45.593303,122.895588
Xinjiang Xin'an Special Steel Co Ltd,6200.0,1,2447855.543441533,1,44.290299,86.595826
Guangxi Guixin Steel Group Co Ltd,6050.0,1,90031801.82740928,1,23.978962,111.735523
Uttam Galva Ferous Ltd,6000.0,1,354990517.4078579,1,15.184613,76.824905
ArcelorMittal SA,6000.0,1,490816268.93993175,1,15.139498,76.918417
NMDC Steel Ltd,6000.0,2,166213907.73032075,1,17.13973905,79.5432955
Xuanhua Iron and Steel Group Co Ltd,6000.0,1,1534319950.0774214,1,40.589591,115.090889
Handan Iron and Steel Group Co Ltd,5952.0,1,34430628965.986046,1,36.601308,114.439889
Panzhihua Steel Group Panzhihua Steel Vanadium Co Ltd,5900.0,1,9319315191.657978,1,26.565265,101.673737
Rashmi Metaliks Ltd,5820.0,2,2928865587.3785763,1,22.51018388888889,87.27168844444444
Nippon Steel Stainless Steel Corp,5696.0,2,1347924308.7101102,1,34.04852588888889,131.79479677777778
Laiwu Steel Yinshan Section Co Ltd,5600.0,1,1723461254.4344203,1,36.106143,117.820108
Zhongxin Iron and Steel Group Co Ltd,5400.0,1,2852869883.3872247,1,34.368618,118.31556
Wulanhot Iron & Steel Co Ltd,5400.0,1,3362380016.537606,1,46.055685,122.063282
Mindong Saiqi Economic Development Zone Fuhua Steel Rolling Co Ltd,5300.0,1,283759824.5657374,1,26.961516,119.654272
Jai Balaji Industries Ltd,5292.0,2,675745315.8269312,1,23.485256999999997,87.36084149999999
Wuyang Iron and Steel Co Ltd,5040.0,1,642394331.888709,1,33.287536,113.474328
Xindia Steels Ltd,5000.0,1,185356174.34875867,1,15.293421,76.234947
JSW Vijayanagar Metallics Ltd,5000.0,1,334841572.46645224,1,15.203176,76.659122
Hebei Jinxi Iron & Steel Group Co Ltd,5000.0,1,251849587.08247745,1,40.209844,118.220547
Hebei Tangyin IRON&STEEL Co Ltd,5000.0,2,6582094224.79956,1,39.4298775,118.321497
Baowu Group Echeng Iron & Steel Co Ltd,4971.0,1,14250230836.869875,1,30.39574,114.861313
Guangxi Chiji Iron and Steel Co Ltd,4800.0,1,105313275.99139243,1,23.402121,111.134606
JSW Ispat Special Products Ltd,4800.0,1,213067224.22470316,1,21.983709,83.238133
Nilachal Iron & Power Ltd,4784.0,1,631216996.6196955,1,22.874863,86.063646
Yazdani Steel and Power Ltd,4760.0,1,864289310.3874147,1,20.928285,86.036604
JiuJiang PXSteel Co Ltd,4700.0,1,478146017.5263399,1,29.778431,116.27527
MSP Steel & Power Ltd,4692.0,1,122199505.11316605,1,21.87673,83.554495
Osaka Steel Co Ltd,4650.0,1,254812052510.10464,1,34.59822,135.45439
Tonghua Iron & Steel Co Ltd,4590.0,1,601217158.3271072,1,41.779125,126.022349
Tangshan RUIFENG Steel and Iron (GROUP) Co Ltd,4500.0,1,438464931.03294915,1,39.497472,118.272056
Hanshan Iron and Steel Co Ltd,4488.0,1,296202759.7826058,1,36.685881,113.837073
Chengde Jianlong SPECIAL Steel Co Ltd,4400.0,1,277866579.7444777,1,40.515035,117.596071
Gaolan County Lanxin Steel Co Ltd,4400.0,1,4705947.349746395,1,36.488866,103.922
Jianlong Xilin Iron and Steel Co Ltd,4200.0,1,10642384.938641924,1,47.495036,129.287919
Tangshan Heavy Plate Co Ltd,4200.0,1,658638310.9064554,1,39.268452,119.024819
Shijiazhuang Iron and Steel Co Ltd,4160.0,2,41715661516.27928,1,38.067871499999995,114.2967005
Sunflag Iron and Steel Co Ltd,4100.0,1,158719364.06818208,1,21.232929,79.632398
Guizhou Hexing Metal Products Co Ltd,4080.0,1,30310794.301979743,1,26.509525,107.570458
Tangshan GUOYI SPECIAL Steel Co Ltd,4050.0,1,1597397963.2435653,1,39.659153,118.411488
Tangshan Stainless Steel Co Ltd,4050.0,2,1009690044.964777,1,39.445598000000004,118.448707
JFE Bars & Shapes Corp,4020.0,3,12027511709.652668,1,34.66972,134.5071288
Langfang Guangyuan Metalwork Co Ltd,4000.0,1,1533063394.1574883,1,39.181466,116.838667
Jilin Steel Group Taihua Metal Equipment Manufacture Co Ltd,4000.0,1,912548532.864007,1,44.138826,125.914941
Fangchenggang Jinxi Steel Technology Co Ltd,4000.0,1,954514098.9683073,1,21.646525,108.369582
Anhui Jingxian Longxin Iron and Steel Co Ltd,4000.0,1,271114715.91688704,1,30.709058,118.436638
Qianxinan Prefecture Juxin Industry & Trade General Co,3960.0,1,259782939.28469855,1,25.150857,105.041722
Shandong Guangfu Group Co Ltd,3960.0,1,833477595.0387985,1,36.863145,117.616918
Hebei Taihang Iron and Steel Group Co Ltd,3950.0,1,383769388.9911753,1,36.613716,114.082349
Pangang Group Xichang Steel and Vanadium Co Ltd,3900.0,1,146825967.31663737,1,27.74799,102.20517
Anhui Changjiang Steel Co Ltd,3800.0,1,2369022303.7466125,1,31.502272,118.465162
Yuxi Xinxing Iron & Steel Co Ltd,3792.0,1,204193710.09956524,1,24.249024,102.521747
Guangdong Jinshenglan Metallurgical Technology Co Ltd,3600.0,1,288572450.6037076,1,22.888729,112.263081
Shougang Changzhi IRON& Steel Co Ltd,3600.0,1,2449438562.2978115,1,36.356404,113.060809
Xiwang METAL Science Technology Co Ltd,3600.0,1,1079457394.0062003,1,36.928208,117.694654
Shougang Shuicheng Iron & Steel (Group) Co Ltd,3501.0,1,2917021785.146939,1,26.595229,104.877413
Ningxia Jianlong Special Steel Co Ltd,3500.0,1,698923464.9402945,1,39.215452,106.688294
Hebei Wenfeng STEEL&IRON Co Ltd,3499.0,1,1570133414.6514165,1,36.64577,114.124258
Hebei Tianzhu IRON&STEEL (GROUP) Co Ltd,3418.0,1,4568324809.945682,1,39.803524,118.205663
Guangxi BG New Materials Co Ltd,3400.0,1,490660026.3866026,1,21.519924,109.506427
Yangzhou Hengrun Ocean Heavy Industry Co Ltd,3300.0,1,1835372768.9161925,1,32.249602,119.620438
Guangxi Deyuan Metallurgy Co Ltd,3200.0,2,271821385.1967023,1,22.785653,109.11917
Gallantt Ispat Ltd,3200.0,1,881769082.2374166,1,26.757009,83.199086
Prakash Sponge Iron and Power Pvt Ltd,3060.0,1,10655640.702493113,1,14.152912,76.665824
Zhuhai Yueyufeng IRON&STEEL Co Ltd,3051.0,1,2524762539.6796427,1,21.96092,113.198718
Haicheng Hengsheng Casting Co Ltd,3040.0,1,722648668.565372,1,41.057478,122.8328
Hebei Tianzhu Iron and Steel Group Special Steel Co Ltd,3034.0,1,658638310.9064554,1,39.270032,119.01376
Captain Steel India Ltd,3008.0,2,3138038076.544331,1,23.67922842897039,86.89247964054243
Jinding Heavy Industries Co Ltd,3000.0,1,2791499561.2492723,1,36.718952,114.111677
Tangshan Xinbaotai Iron & Steel Co Ltd,3000.0,1,597616844.3023248,1,39.861425,118.03667
Tangshan Guotang Steel Co Ltd,3000.0,1,658638310.9064554,1,39.293147,119.046972
Bhushan Power & Steel Ltd,3000.0,1,113645399.55906004,1,22.665526,85.64622
Fujian Tsingtuo Nickel Industry Co Ltd,3000.0,1,11794218.386546498,1,26.768925,119.765203
Lianyungang Yaxin Iron and Steel Co Ltd,3000.0,1,890142435.6329616,1,34.423786,119.778311
Lengshuijiang Iron and Steel Co Ltd,3000.0,1,982323572.5654914,1,27.690401,111.437288
Shangang Group Hanzhong Iron & Steel Co Ltd,3000.0,1,686629951.6960833,1,33.133192,106.671859
Weifang SPECIAL Steel Group Co Ltd,3000.0,1,3368126297.6347632,1,36.644469,119.238427
Tianjin Metallurgy Group Zhasan Steel Co Ltd,3000.0,1,805190129.0529438,1,38.825269,117.08849
DELONG Steel Ltd,3000.0,1,676290293.567939,1,37.086116,114.384832
Tianjin Pipe Corp,3000.0,1,7120436820.791538,1,39.034002,117.486798
Nanyang Hanye SPECIAL STREET Co Ltd,3000.0,1,313551485.3556643,1,33.269324,111.534635
JSW Rayalaseema Steel Limited,3000.0,1,45263087.15252942,1,14.76855,78.403263
Anhui Shoukuang Dachang Metal Material Co Ltd,3000.0,1,26192474.427464876,1,32.329171,115.954963
Jiangsu Jingye Iron and Steel Co Ltd,3000.0,1,1557019273.7154286,1,34.38381,119.786878
Wuan Mingfang Iron & Steel Co Ltd,2999.0,1,6917400988.421546,1,36.710754,114.207855
Jinzhou Jinxing Special Steel Co Ltd,2960.0,1,549095770.045926,1,41.188888,121.225043
Godawari Power and Ispat Ltd,2859.0,2,919900210.3246052,1,21.470623,81.7106675
Heyuan Derun Steel Co Ltd,2850.0,2,5199836757.785021,1,23.5457045,114.820847
Shandong Shouguang Juneng SPECIAL Steel Co Ltd,2850.0,1,1440684200.7685635,1,36.939125,118.785598
NR Ispat and Power Pvt Ltd,2848.0,1,155299189.2988411,1,22.013086,83.330372
Orissa Sponge Iron and Steel Ltd,2804.0,1,55597769.29395994,1,21.801994,85.56751
Yingkou Iron & Steel Co Ltd,2800.0,1,758099574.9849542,1,40.664651,122.415057
Mukand Sumi Special Steel Ltd,2800.0,1,208281204.80950305,1,15.328976,76.258613
Fangda Special Steel Technology Co Ltd,2800.0,1,30850521591.191532,1,28.645441,115.99204
Liyang Baorun Steel Co Ltd,2760.0,1,5294448729.56292,1,31.471123,119.485941
Ramsarup Industries Ltd,2760.0,1,3789988245.8372393,1,22.977477,88.457443
Shandong Iron Steel Group Yongfeng Zibo Co Ltd,2700.0,1,5698841287.0221615,1,36.906036,118.111833
Shandong Laigang Yongfeng Steel Corp,2700.0,1,2781115807.54017,1,36.7993,116.8026
Tongling City Xuanli Special Steel Co Ltd,2700.0,1,322755495.5135918,1,31.062807,117.956015
Anhui Guihang Special Steel Co Ltd,2700.0,1,189683194.67400867,1,30.531068,117.251147
Shandong Chuanyang Group Co Ltd,2700.0,1,3677756121.979178,1,36.894784,117.888366
Shandong Xinhua Special Steel Group Co Ltd,2700.0,1,783615313.084411,1,36.256175,116.179833
Linyi Iron and Steel Investment Group Co Ltd,2700.0,1,212520272.51501238,1,35.15735,119.133999
Linyi Jiangxin Steel Co Ltd,2700.0,1,7972147725.823803,1,34.951117,118.305389
Jiangsu Shente Steel Corp,2700.0,1,5294448729.56292,1,31.471123,119.485941
Jilin Jianlong Steel Co Ltd,2700.0,1,133726064.71790448,1,44.011951,126.537086
Chifeng Zhongtang Special Steel Co Ltd,2700.0,1,14520160.651008502,1,41.834064,119.281883
Dongbei Special Steel Group Dalian Special Steel Co Ltd,2695.0,1,278283618.2820494,1,39.193697,122.057788
Anyuan Iron & Steel Co Ltd,2650.0,1,7940031421.185044,1,27.64555,113.902126
Kyoei Steel Ltd,2645.0,3,33170209963.181366,1,34.61929633333333,134.55528633333333
Shakambhari Ispat & Power Ltd,2640.0,1,740366725.9212388,1,23.613861,86.789527
Jianlong Beiman SPECIAL Steel Co Ltd,2570.0,1,3437488269.916678,1,47.191285,123.616512
Luannan Huarui Steel Co Ltd,2550.0,1,1572778754.3996863,1,39.51833,118.715766
Guangdong Guoxin Industrial Co Ltd,2500.0,1,4977101905.5661955,1,23.407415,116.570818
Shanxi Tongde Xinghua Special Steel Co Ltd,2500.0,1,353310074.948443,1,40.183517,113.305462
Hebei Xinxing Ductile Iron Pipes Co Ltd,2500.0,1,1570133414.6514165,1,36.621504,114.128189
Shyam Steel Manufacturing Ltd,2464.0,1,675556161.7232339,1,23.564157,87.089552
Baotou DA AN IRON&STEEL Co Ltd,2450.0,2,8439898530.62294,1,40.688731000000004,109.75999300000001
Chifeng Yuanlian Steel Co Ltd,2450.0,1,1995635766.3421109,1,42.278115,119.015289
Tangshan Zhengfeng Steel Co Ltd,2439.0,1,2256673828.2882605,1,39.85271,118.181279
Yangchun New Iron & Steel Co Ltd,2400.0,1,126961940.125218,1,22.084904,111.642187
Yangzhou Qinyou Special Metal Materials Co Ltd,2400.0,1,361408387.5824465,1,32.838703,119.425236
Atibir Industries Co Ltd,2400.0,1,510655890.86209947,1,24.145239,86.334999
Guangdong Nanfang Donghai Iron and Steel Co Ltd,2400.0,1,194781090.93254027,1,22.907614,112.224952
Tangshan Chunxing Special Steel Co Ltd,2400.0,1,1872854078.2187674,1,39.676326,118.427914
Tangshan Jinma Iron & Steel Group Co Ltd,2400.0,1,1872854078.2187674,1,39.700499,118.456775
KIC Metaliks Ltd,2392.0,1,1554639245.0040002,1,23.507539,87.277914
BMM Ispat Ltd,2208.0,1,326466748.184155,1,15.16972,76.37971
Guangdong Yuebei United Steel Co Ltd,2055.0,1,114780320.39245096,1,24.262452,113.728198
Xining Special Steel Co Ltd,2040.0,1,3718700727.8378444,1,36.66856,101.671414
Guangdong Guangqing METAL Technology Co Ltd,2040.0,1,546325381.749661,1,21.697069,111.848841
Heilongjiang Jianlong Iron and Steel Co Ltd,2001.0,1,125175844.19061546,1,46.602297,131.071877
BERIS Jiangsu Heavy Industry Co Ltd,2000.0,1,178113102.28059617,1,32.104319,119.792126
Anyang Xinpu Steel Co Ltd,2000.0,1,17037663839.757977,1,36.163203,114.296223
Surjagad Ispat Pvt Ltd,2000.0,1,1744300.2223284245,1,19.487201,79.968551
Shandong Longsheng Iron and Steel Co Ltd,2000.0,1,2852374041.5661826,1,36.891189,118.187041
Jiangsu Changqiang Iron & Steel Co Ltd,2000.0,1,5149260849.902505,1,31.952064,120.189749
Tangshan Wenfeng Special Steel Co Ltd,2000.0,1,146526011.7107865,1,39.146541,118.432261
Guangdong Jingye Iron and Steel Co Ltd,2000.0,1,7797595936.055308,1,23.454666,116.498483
Wuhu Fuxin Iron & Steel Co Ltd,2000.0,1,203072621.1319695,1,31.194505,118.067833
Wuhai Baogang Wanteng Iron and Steel Co Ltd,2000.0,1,111523145.34028804,1,39.855971,106.886647
Luzhou Xinyang Vanadium Titanium Steel Co Ltd,2000.0,1,20271489.796361625,1,28.851779,105.70509
Wuhu Xinxing Ductile Iron Pipes Co Ltd,2000.0,1,1042494789.8844099,1,31.229893,118.150867
Hubei Shunle Iron and Steel Co Ltd,2000.0,1,96700424.06712171,1,29.925026,113.826118
Fujian Wuhang Stainless Steel Products Co Ltd,2000.0,1,6512786661.363352,1,25.95923,119.452018
Inner Mongolia (Naiman) Jingan Non-ferrous Metal Materials Co Ltd,2000.0,1,755333747.2342982,1,43.696186,122.219433
Fuzhou Wuhang Steel Products Co Ltd,2000.0,1,6512786661.363352,1,25.995101,119.495725
Xiangfen County Xingyuan Steel Group Co Ltd,2000.0,1,643103075.7903618,1,35.880324,111.387956
Guizhou United Steel (Group) Co Ltd,1990.0,1,288427354.33009654,1,27.591691,106.814024
Henan Changtai Stainless Steel Plate Co Ltd,1936.0,1,3849360572.403314,1,34.702951,112.955911
Tangshan DELONG Steel Co Ltd,1920.0,1,218136816.73348233,1,39.19256,118.899533
Shandong Minyuan Steel & Iron Co Ltd,1900.0,1,5882085161.067249,1,36.728409,117.426582
ShiGangJingCheng Equipment Development and Manufacturing Co Ltd,1900.0,1,758099574.9849542,1,40.626396,122.38884
Angang Lianzhong Stainless Steel Corp,1900.0,1,23605391215.706425,1,23.126822,113.505817
Lucheng Xingbao Iron & Steel Co Ltd,1900.0,1,2719454994.077153,1,36.332449,113.15509
Shandong Taigang Xinhai Stainless Steel Co Ltd,1860.0,1,374021532.01611346,1,35.228556,119.084178
Hebei Huaxi Special Steel Co Ltd,1824.0,1,658638310.9064554,1,39.260784,119.005925
Orissa Steel & Power Pvt Ltd,1804.0,1,47335285.52206003,1,22.3591,87.017184
Tianjin Tianfeng Steel Co Ltd,1800.0,1,805190129.0529438,1,38.832642,117.102765
Anshan Baode Iron & Steel Co Ltd,1800.0,1,4381066890.384275,1,41.173613,122.945501
Chongli Steel Manufacturing Co Ltd,1800.0,1,475205331.7791578,1,36.602468,113.755744
Tangshan Fengnan Kaiheng Iron & Steel Co Ltd,1800.0,1,307330756.7732362,1,39.4632,118.247191
Guangxi Longzhou Zhongheng Wanhua Industrial Co Ltd,1725.0,2,14775761.727532735,1,23.1567485,109.43017850000001
Godo Steel Ltd,1700.0,3,176002564914.40576,1,35.057881,136.68735066666667
Tongshan Liguo Iron and Steel Co Ltd,1700.0,1,261090607.59518936,1,34.55486,117.327039
Xuzhou TaiFa Special Steel Technology Co Ltd,1700.0,1,279149401.67212856,1,34.448514,117.271876
Yunnan Jingye Steel Co,1700.0,1,59127258.8221577,1,25.023852,102.312086
Chengde Zhaofeng Steel Group Co Ltd,1700.0,1,25938154.368309747,1,40.593875,118.633334
Xuzhou Baofeng Special Steel Co Ltd,1700.0,1,1369908468.9113462,1,34.364872,117.322633
Tangshan Jianlong Steel SPECIAL Steel Co Ltd,1700.0,1,3405149508.8777,1,40.167686,117.964004
Jai Balaji Jyoti Steels Ltd,1688.0,1,94945328.67570616,1,22.085338,84.86184
Hebei YongYang Special Steel Group Co Ltd,1610.0,1,364664534.1041899,1,36.786851,114.376132
Hebei Baoxin Iron and Steel Group Co Ltd,1600.0,1,1340340843.3454995,1,36.555205,114.108273
Jiangsu Xingda Steel Group Co Ltd,1600.0,1,261090607.59518936,1,34.501981,117.316278
Jianglong Acheng Iron & Steel Co Ltd,1600.0,1,3851213851.5239058,1,45.562002,126.968128
Sanyo Special Steel Co Ltd,1596.0,1,12333371034.581137,1,34.788074,134.672046
Jiangsu HONGTAI Metals Ware Co Ltd,1576.0,1,3200493895.461697,1,32.138393,119.554693
Ningxia Boyu Hongxing Special Steel Group Co Ltd,1520.0,1,1044069289.8932406,1,39.273832,106.75146
Kalyani Steels Ltd,1509.0,1,319583186.94651854,1,20.601819,85.594653
Jiangyin Huaxi Steel Co Ltd,1500.0,1,10086515908.61508,1,31.816482,120.424347
Jilin Jingang Lron and Steel Co Ltd,1500.0,1,7056524178.650425,1,43.20023,124.335697
Danyang Longjiang Steel Co Ltd,1500.0,1,5805245295.940704,1,32.027791,119.57706
Daido Steel Co Ltd,1500.0,1,27104407629.54368,1,35.016404,136.864744
Ningxia Xinghua Iron and Steel Co Ltd,1500.0,1,1044069289.8932406,1,39.309571,106.79093
Guangxi Wuzhou Jinhai Stainless Steel Co Ltd,1500.0,1,607979569.3111423,1,23.518229,111.235509
Aichi Steel Corp,1495.0,1,110186877555.41345,1,35.044558,136.900772
Honghe Iron and Steel Co Ltd,1422.0,1,1145833787.5269697,1,23.470733,103.272784
Yunnan Qujing Iron and Steel Group Co Ltd,1400.0,1,54580293.24053438,1,26.275342,104.168311
Hebei Xinghua Iron and Steel Co Ltd,1400.0,1,2791499561.2492723,1,36.744936,114.111602
Heping Yueshen Steel Industrial Co Ltd,1400.0,1,922848789.0805657,1,24.49796,114.93888
Shandong Luli Steel Co Ltd,1400.0,1,309288577.011094,1,36.970875,118.955444
Yunnan Qujing Iron and Steel Group Yanggang Iron and Steel Co Ltd,1400.0,1,135064897.5047968,1,25.308777,103.876391
Yantai Walsin Stainless Steel Co Ltd,1400.0,1,18963550948.945488,1,37.548627,121.277488
Jiangsu Delong Nickel Industry Co Ltd,1350.0,1,890142435.6329616,1,34.443469,119.816574
Inner Mongolia Desheng Metal Products Co Ltd,1350.0,1,111523145.34028804,1,39.867015,106.890377
Qinglong Manzhu Autonomous County Delong Casting Industry Development Co Ltd,1350.0,1,14286152.175898882,1,40.427008,119.219855
Tianjin Tianzhong Giant Heavy Industry Co Ltd,1350.0,1,1572778754.3996863,1,39.501442,118.719554
Hebei Huaxin Special Steel Co Ltd,1350.0,1,1439683054.8066726,1,36.53048,114.245262
Tongling Fuxin Iron & Steel Co Ltd,1350.0,1,6386761084.181079,1,30.907561,117.772866
Guizhou Ganglian Industrial Group Co Ltd,1325.0,1,3047624310.877063,1,27.615147,106.949926
Chengde Shengfeng Iron & Steel Co Ltd,1301.0,1,714450516.0938448,1,40.622466,118.490845
Hengyang Valin Steel Tube Co Ltd,1300.0,1,8841440925.872505,1,26.865484,112.576853
Fujian Longgang New Materials Co Ltd,1210.0,1,81212030.76822813,1,25.357408,117.362096
Shanxi Dongfang Hengliu Precision Casting Co,1200.0,1,586782703.6351858,1,36.080051,111.647754
Shaanxi Huaxin Special Steel Group Co Ltd,1200.0,1,179102021.36746305,1,34.523278,109.986042
Zhejiang Wantai Special Steel Co Ltd,1200.0,1,3208888731.268896,1,30.944342,120.971803
Anyang Huixin Special Steel Co Ltd,1200.0,1,3691623504.775808,1,36.152418,114.15839
Yunnan Qujing Iron & Steel Group Yue Steel Iron & Steel Co Ltd,1200.0,1,135064897.5047968,1,25.304544,103.889418
natural person(s); Hubei Xinxin Steel Group Co Ltd,1200.0,1,1002488417.5250294,1,30.067469,114.934091
Wuhan Shunle Stainless Steel Co Ltd,1200.0,1,11843724400.76606,1,30.394434,114.257701
Guilin Pinggang Iron and Steel Co Ltd,1200.0,1,33714093.6953855,1,24.673567,110.78959
Guangxi Guigang Iron and Steel Group Guigang Guibao SPECIAL Steel Co Ltd,1200.0,1,6503602261.824279,1,23.089502,109.63938
Huahong Iron and Steel Products Co Ltd,1200.0,1,468805622.32278705,1,28.090098,119.519509
Henan Fuhua Iron & Steel Group Co Ltd,1200.0,1,3251997907.564753,1,34.462949,113.700844
Prakash Industries Ltd,1190.0,1,465552274.1725282,1,22.004694,82.671666
Guangxi Hezhou Kexinda Metal Products Co Ltd,1150.0,1,90031801.82740928,1,23.979937,111.745037
Tianjin Rongcheng Group Tangshan Special Steel Co Ltd,1150.0,1,9710283612.501226,1,39.551552,118.137993
Xinjiang Minxin Iron and Steel (Group) Minhang Special Steel Co Ltd,1110.0,1,1337515.1727294303,1,44.080866,88.417209
Yuxi Iron and Steel Group Zhenfei Iron and Steel Co Ltd,1110.0,1,106654789.90736285,1,24.074756,102.765983
Wuxi Xinsanzhou Special Steel Co Ltd,1100.0,1,11935089663.247892,1,31.681005,120.251785
Hubei Wucheng Iron and Steel Group Co Ltd,1100.0,1,14250230836.869875,1,30.341239,114.857744
Guangdong Guangqing Metal Technology Co Ltd,1100.0,1,5052871258.0219145,1,31.980237,120.571455
Jilinheng Precision Casting Technology Co Ltd,1100.0,1,10768816.011382872,1,43.196537,126.00063
Kapila Metals Pvt Ltd,1074.0,1,100155279.26306468,1,19.874223,75.817553
Guangdong Taidu Iron & Steel Co Ltd,1020.0,1,1746497357.0257854,1,23.504558,112.962693
Arjas Steel Pvt Ltd,1005.0,1,216622786.99645334,1,14.873471,78.048425
Xinjiang Da'an Special Steel Co Ltd,1000.0,1,21656190.748155303,1,42.700465,93.542466
Xinjiang Ka Steel Group Co,1000.0,1,4239302.117930701,1,39.142997,76.161589
Fujian Hongfeng Industrial Group Co Ltd,1000.0,1,29883675.310433295,1,26.868423,117.776369
Wuzhou Yongda Special Steel Co Ltd,1000.0,1,607979569.3111423,1,23.520307,111.229981
Jingzhou Qunli Metal Products Co Ltd,1000.0,1,118075214.85034539,1,30.3505,112.353782
Jiangxi Taixin Iron & Steel Co Ltd,1000.0,1,24651705.83317486,1,28.60445,118.163615
Xinjiang Yili Iron and Steel Co Ltd,1000.0,1,36347068.67769812,1,43.526808,83.294323
Dazhou Hangda Steel Co Ltd,1000.0,1,49607605.43538932,1,31.435149,107.685981
Shengli (Qingyuan) Steel Products Co Ltd,1000.0,1,1383225148.037752,1,23.553041,113.119942
Fushun Special Steel Co Ltd,999.0,1,8540543698.927486,1,41.838774,123.806586
Topy Industries Ltd,960.0,1,6515425440.511312,1,34.719644,137.322259
Fujian Qingtuo New Material Co Ltd,958.0,1,11794218.386546498,1,26.779301,119.767935
Jinye Steel Group Co Ltd,950.0,1,1182364306.7889879,1,36.148131,113.209523
Longchuan Hanghui Steel Co Ltd,930.0,1,1069393003.8951043,1,24.113189,115.215068
Fengshun County Dongfang Metal Casting Co Ltd,930.0,1,453215982.2079722,1,23.749104,116.138262
Guangdong Taiye Hongda Steel Co Ltd,920.0,1,1746497357.0257854,1,23.54332928798603,112.9908240744354
Guangdong Shengye Steel Co Ltd,920.0,1,106278554.73135719,1,24.008564,114.797328
Guangdong Shiji Qingshan Nickel Industry Co Ltd,900.0,1,546325381.749661,1,21.687053,111.848893
Baotou Jiyu Steel Co Ltd,900.0,1,563557793.4713724,1,40.662343,109.696243
Guangshui Huaxin Smelt Industry Co Ltd,869.0,1,39099648.249599755,1,31.50221,114.008142
Tangshan Shoutang Baosheng Functional Materials Co Ltd,860.0,1,1356006637.3997142,1,39.751793,118.490004
Guangdong Hongde Steel Group Co Ltd,860.0,1,2371893017.6045723,1,24.672351,113.535574
Yunnan Muguang Industry and Trade Co Ltd,850.0,1,106654789.90736285,1,24.077079,102.771634
Zhengzhou YONGTONG SPECIAL Steel Co Ltd,850.0,1,349309237.1561481,1,34.64443,112.937985
Luoyang Luogang Group of Steel and Iron Co Ltd,850.0,1,898607349.1565193,1,34.798477,112.580505
Sichuan Ya'an Anshan Iron and Steel Co Ltd,830.0,1,388037.3015476711,1,30.059133,102.625907
Wu'an Yongcheng Zhuye Co Ltd,830.0,1,188809636.46592227,1,36.660278,113.993995
Inner Mongolia Mingtuo Ferrite New Material Co Ltd,800.0,1,563557793.4713724,1,40.597557,109.683202
Hezhou Xindu Sanyuan Casting Co Ltd,780.0,1,90031801.82740928,1,23.987007,111.739775
Mono Steel (India) Ltd,770.0,1,31833855.18768871,1,23.312265,70.201953
Xinjiang Kunyu Lron & Steel Co Ltd,750.0,1,499486217.0650745,1,44.404189,84.966753
Jiangsu Suxin Special Steel Co Ltd,750.0,1,11475374812.138918,1,31.400644,120.475103
Fengshun Yongshun Continuous Casting Plant,720.0,1,453215982.2079722,1,23.747173,116.126241
Fengshun County Hongbao Industrial Co Ltd,720.0,1,1404595.2279711333,1,23.720136,115.949449
Lianping County Huafeng Steel Co Ltd,720.0,1,271704400.55409884,1,24.18435,114.728202
Fujian Fuxin Special Steel Co Ltd,720.0,1,17250077612.688942,1,24.472439,117.94885
Guangdong Daxing Iron & Steel Industrial Co Ltd,720.0,1,13690835436.783312,1,23.529158,116.329247
Zijin County Dongri Foundry Co Ltd,720.0,1,12925770.443472354,1,23.356612,114.769565
Dongyuan Dongnan Industrial Co Ltd,720.0,1,24627219.044078365,1,24.038397,114.873435
Fengshun County Agricultural Machinery Continuous Casting Co,720.0,1,453215982.2079722,1,23.748318,116.13985
Guangdong Yuedong Steel Co Ltd,720.0,1,10381673523.067602,1,23.711585,114.689761
Jiangyin Xicheng Steel Co Ltd,720.0,1,8256028173.465794,1,31.892299,120.198394
Chongqing Yonghang Steel Group Co Ltd,700.0,1,476620864.0503676,1,29.836163,106.988138
Shaanxi Hanzhong Iron & Steel Group Co,700.0,1,554486726.9337088,1,33.132446,106.657646
Zibo Qilin Fushan Steel Co Ltd,700.0,1,5698841287.0221615,1,36.887998,118.145416
Linyi Iron and Steel Investment Group Stainless Steel Co Ltd,700.0,1,238915176.01580334,1,35.148443,119.068015
Tangshan Yutian Jinzhou Industry Co Ltd,700.0,1,74159309.89730716,1,39.967373,117.857659
Yamato Steel Co Ltd,700.0,1,11107163158.787853,1,34.783319,134.604616
Yun County Rongfeng Rolling Mill Factory,700.0,1,2868377109.874325,1,32.738598,110.793269
Bhagyalaxmi Metals Pvt Ltd,672.0,1,20100548.68457569,1,20.088919,79.71792
Pan Gang Group Sichuan Changcheng Special Steel Co Ltd,669.0,1,2578998262.3683743,1,31.763517,104.761441
Guangdong Guixin Steel Co Ltd,630.0,1,1383225148.037752,1,23.517109,113.106865
Lianyungang Huale Alloy Group Co Ltd,621.0,1,175014771.30063456,1,34.607964,119.447626
Huizhou Jushun Iron and Steel Plant,620.0,1,5079645602.338191,1,23.178652,114.279374
Fengshun Changsheng Precision Steel Casting Co Ltd,620.0,1,1746497357.0257854,1,23.507015,112.953822
Heyuan Huacheng Metal Products Co Ltd,620.0,1,661354659.4113086,1,23.56658,114.598993
BPA Metallics Pvt Ltd,613.0,1,400367384.08294696,1,21.926993,83.374089
Swadesh Metallics Pvt Ltd,600.0,1,194558399.93739942,1,21.625706,81.705254
Shougang Guiyang SPECIAL Steel Co Ltd,600.0,1,264952407.92503846,1,26.873592,106.73215
Yichang Fulong Iron & Steel Co Ltd,600.0,1,3382709142.716387,1,30.586332,111.398846
Baotou Baoxin Special Steel Co Ltd,600.0,1,883833.8895358075,1,41.362925,110.988771
Fujian Dingxin Industry Co Ltd,600.0,1,11794218.386546498,1,26.7695,119.738519
Sichuan Gangchen Stainless Steel Co Ltd,600.0,1,473439435.8729224,1,29.501044,103.607365
Shiyan Fuyan Iron and Steel Co Ltd,600.0,1,111115982.9373292,1,32.650367,110.654794
Nakayama Steel Products Co Ltd,600.0,1,324278211589.9782,1,34.699762,135.430119
Inner Mongolia Wanzhou Special Steel Co Ltd,575.0,1,13833901.491643237,1,40.977329,110.022924
Fogang Dawei Special Steel Co Ltd,575.0,1,794462578.72561,1,23.893972,113.500829
Sichuan Shehong Chuanzhong Construction Materials Co Ltd,550.0,1,442654217.20127475,1,30.830726,105.367695
Chongqing Pengcheng Steel Co Ltd,520.0,1,3649329774.430953,1,29.259699,106.214031
Guangdong Yuehua Iron & Steel Group Co Ltd,520.0,1,386008960.44992363,1,24.275783,113.388896
Taishan Baofeng Iron & Steel Co Ltd,520.0,1,4190029623.921236,1,22.425677,112.788855
Vardhman Special Steels Limited,500.0,1,2490777403.6033077,1,30.890103,75.908673
Zhejiang TSINGSHAN IRON&STEEL Co Ltd,500.0,1,1195110580.909999,1,28.136096,120.380401
Anhui Jin'an Stainless Steel Foundry Co Ltd,500.0,1,413630926.1177371,1,31.763956,115.924372
Guangdong Zhanhong Steel Plant,500.0,1,33770610.58382256,1,23.037858,114.970593
Ningbo Haoyang New MATERIALS Techonology Co Ltd,500.0,1,4420088191.603954,1,30.267113,121.052503
Liaoyang Xinyi Special Steel Co Ltd,500.0,1,4381066890.384275,1,41.225003,122.970488
Huainan Hongtai Steel Limited Liability Co,500.0,1,4888696838.2685,1,32.619248,116.905869
Tianjin Rongcheng Group Tangshan Special Steel Co Ltd; Tangshan Zhengfeng Steel Co Ltd,500.0,1,2256673828.2882605,1,39.85271,118.181279
Guangdong Yueshao Iron & Steel Co Ltd,500.0,1,2904267538.2436757,1,24.688355,113.657408
Baosteel Special Metals Co Ltd,500.0,1,72345769161.90762,1,31.379422,121.484652
Adhunik Metaliks Ltd,500.0,1,721177173.7528095,1,22.308371,84.763584
Guangdong Fogang Jincheng Metal Products Co Ltd,500.0,1,92889374.35438424,1,23.741965,113.502168
"Guangde Xinyuanda Metal Products Co., Ltd. Co Ltd",500.0,1,60598213.36689451,1,31.0494162,119.5296269
WISCO Group Xiangyang Heavy Equipment MATERIALS Co Ltd,500.0,1,6115679576.442959,1,32.10704,112.235621
Linyi Meide Gengchen Metal Materials Co Ltd,500.0,1,374021532.01611346,1,35.188667,119.087048
Kishiwada Steel Co Ltd,500.0,1,38442254742.5372,1,34.477479,135.353918
Hubei Dazhan Steel & Iron Co Ltd,500.0,1,600972460.8080096,1,31.006752,113.754995
Jiangxi Yuanxing Iron and Steel Co Ltd,500.0,1,982532261.0660375,1,24.881098,114.802833
Chongqing Yuxi Iron & Steel (Group) Co Ltd,260.0,1,157576554.0679347,1,29.488759,105.862658
Linzhou Hexin Foundry Co Ltd,240.0,1,1250100343.4634068,1,36.112742,113.861135
Mintal Group Co Ltd,0.0,1,38453234.3149022,1,41.7915,109.865367
Shanxi HUAQIANG Iron and Steel Co Ltd,0.0,1,402152281.1129497,1,35.670848,111.378887
Hebei Jingdong Pipe Industry Co Ltd,0.0,1,177055102.2953652,1,39.932656,118.836844
Hebei Guanfeng Metallurgical Industry Co Ltd,0.0,1,2791499561.2492723,1,36.73422,114.111085
Hebei PROVINCE Longfengshan Casting Industry Co Ltd,0.0,1,2791499561.2492723,1,36.705105,114.105387
Tata Metaliks Ltd,0.0,1,2985882028.961829,1,22.385611,87.287179
Shijiazhuang Hongsen Melting & Casting Co Ltd,0.0,1,945492196.1136818,1,38.021527,114.916959
Jiangsu Longyuan Steel Co Ltd,0.0,1,261090607.59518936,1,34.538033,117.329589
Huangshi Xinxing Pipe Industry Co Ltd,0.0,1,4262753872.987659,1,30.181393,114.944879
Huarui (Handan) Casting & Pipe Co Ltd,0.0,1,1340340843.3454995,1,36.561049,114.102793
Shougang Yili Iron & Steel Co Ltd,0.0,1,36347068.67769812,1,43.528516,83.276706
Fushun HANWANG Direct Reduced Iron Co Ltd,0.0,1,26636182.46122891,1,41.670998,123.85143
Wugang Zhongjia Iron & Steel Co Ltd,0.0,1,642394331.888709,1,33.29175,113.458011
GuangDong Xinxing Ductile Iron Pipes Co Ltd,0.0,1,126961940.125218,1,22.09914,111.665479
Weining Hengchang Furnace Charge & Casting Co Ltd,0.0,1,21953226.651415624,1,26.783556,104.394517
Vedanta Iron and Steel Ltd,0.0,1,607137556.302787,1,15.526866,73.986671
Electrosteel Castings Ltd,0.0,1,142335900.08133274,1,13.717188,79.630588
Changli Xingguo Precision Machinery Co Ltd,0.0,1,853581286.6142415,1,39.704921,118.897417
